,bagging_fraction,feature_fraction,lambda_l1,num_leaves,loss
3,0.885719261761456,0.20494876373533158,60.52654168747544,30.0,1.9727960824785857
2,0.20784657171451454,0.06388200735064921,71.85698792408088,16.0,2.009190354983301
4,0.7545437685350024,0.821457740455893,44.18749535133706,45.0,2.0132081099445593
1,0.33828574431843017,0.7723978452115132,14.078888790263607,18.0,2.019992980952736
0,0.34080346458263067,0.2609489607990167,1.8149839724508774,19.0,2.060940919596734
