,bagging_fraction,feature_fraction,lambda_l1,num_leaves,loss
4,0.6674787023699081,0.3027166197707259,34.97741767827007,38.0,1.9492944414996138
2,0.8378863753421887,0.16572555771546962,2.571483467375988,12.0,1.99341533216281
3,0.260687292287193,0.2981221642360861,78.99499267427667,35.0,2.011569040218177
0,0.14300867826210156,0.6481772407121003,57.329944415140396,25.0,2.02290927420446
1,0.44305356926582984,0.656633666396505,54.46850169984735,13.0,2.046047629744885
