,bagging_fraction,feature_fraction,lambda_l1,num_leaves,loss
1,0.6144032760088525,0.05802756610625269,21.89571465626991,38.0,1.7972090712847304
3,0.13620006964124792,0.41340551595189357,25.045814944054925,15.0,1.8361675905992794
2,0.8952241870120493,0.822204286641009,7.319589164748772,19.0,1.8609632434497785
0,0.9681603616493341,0.6487757769978546,15.97984485022776,47.0,1.8651497745336758
4,0.24162002763964102,0.4619939961846257,60.80021283147066,38.0,1.8706901632599386
