,bagging_fraction,feature_fraction,lambda_l1,num_leaves,loss
4,0.6816028204827985,0.7399113879699623,55.87384512340644,28.0,2.0068701559048074
0,0.8442450878187225,0.7496909632360295,62.125993634924605,14.0,2.0117047218173427
2,0.1769777112510939,0.23887588744302107,61.371981825160816,43.0,2.0122599178652627
3,0.9769165950616777,0.7028323908276648,73.18015857898283,33.0,2.054210876189418
1,0.7422147586691892,0.02059021633042299,7.519481726074481,46.0,2.0673192625687404
