,bagging_fraction,feature_fraction,lambda_l1,num_leaves,loss
4,0.9793715633810123,0.0721426314022292,38.78285488167075,31.0,1.9571358393983946
1,0.12601001164716957,0.6258626060741551,22.328393981111613,45.0,1.9726115501213055
3,0.4308371548223586,0.8931951640537197,22.886934525631837,21.0,1.9917907520036595
0,0.9545492645277573,0.3640145010806918,49.21457606330592,47.0,1.9931311139003973
2,0.13036006699944505,0.3836074832602226,70.71584016147081,27.0,2.0307903141548707
