,bagging_fraction,feature_fraction,lambda_l1,num_leaves,loss
0,0.3508170851391652,0.5292869490514706,29.0220777936567,19.0,1.9685223881143898
4,0.7571544485085904,0.4130449252683803,9.37595215002718,31.0,2.00983972922342
1,0.13326822327306548,0.750766906941447,11.28659181296953,50.0,2.0138948256755715
2,0.5684294294090406,0.8807479529617056,52.425220401838075,40.0,2.0316530835657773
3,0.7913211646756413,0.6198222403449765,2.108045560310321,23.0,2.0943219521071774
