,bagging_fraction,feature_fraction,lambda_l1,num_leaves,loss
4,0.7266134898026877,0.4002128489255993,37.28117716472929,48.0,1.9221834502090682
3,0.49836714051977893,0.5480612138051631,23.835704293918944,9.0,1.9296033022200936
1,0.30735124968739275,0.7122159414282527,50.913893096810305,36.0,1.933111431446532
2,0.5309533172796118,0.4452861554023237,29.43426436675906,27.0,1.9494270853486817
0,0.533614082707185,0.4575387546600377,20.814664202944055,35.0,1.9560107433267695
